906,907,909,910,912,1049,2579,4025,4368,4370,4409,4411,4412,4428,4429,6880,8681,10657,11083,11878,12673,13001,13397,13400,13545
906,907,909,910,912,1049,2579,4025,4368,4370,4409,4411,4428,4429,5577,6880,8681,10657,11083,11878,12673,13001,13397,13400,13545
906,907,909,910,912,1049,2579,4025,4368,4370,4409,4410,4411,4428,4429,5577,6880,8681,10657,11083,11878,12673,13001,13400,13545
906,907,909,910,912,1049,2579,4025,4368,4370,4409,4410,4411,4428,4429,5577,6880,8681,10657,11083,11878,12673,13001,13400,13545
906,907,909,910,912,1049,2579,4025,4368,4370,4409,4410,4411,4428,4429,5577,6880,8681,10657,11083,11878,12673,13001,13400,13545
906,907,909,910,912,1049,2579,4025,4368,4370,4409,4410,4411,4428,4429,5577,6880,8681,10657,11083,11878,12673,13001,13400,13545
906,907,909,910,912,1049,2579,4025,4368,4370,4409,4410,4411,4428,4429,5577,6880,8681,10657,11083,11878,12673,13001,13400,13545
906,907,909,910,912,1049,2579,4025,4368,4370,4409,4410,4411,4428,4429,5577,6880,8681,10657,11083,11878,12673,13001,13400,13545
906,907,909,910,912,1049,2579,4025,4368,4370,4409,4410,4411,4428,4429,5577,6880,8681,10657,11083,11878,12673,13001,13400,13545
906,907,909,910,912,1049,2579,4025,4368,4370,4409,4410,4411,4428,4429,5577,6880,8681,10657,11083,11878,12673,13001,13400,13545
906,907,909,910,912,1049,2579,4025,4368,4370,4409,4410,4411,4428,4429,5577,6880,8681,10657,11083,11878,12673,13001,13400,13545
906,907,909,910,912,1049,2579,4025,4368,4370,4409,4410,4411,4428,4429,5577,6880,8681,10657,11083,11878,12673,13001,13400,13545
906,907,909,910,912,1049,2579,4025,4368,4370,4409,4410,4411,4428,4429,5577,6880,8681,10657,11083,11878,12673,13001,13400,13545
906,907,909,910,912,1049,2579,4025,4368,4370,4409,4410,4411,4428,4429,5577,6880,8681,10657,11083,11878,12673,13001,13400,13545
906,907,909,910,912,1049,2579,4025,4368,4370,4409,4410,4411,4428,4429,5577,6880,8681,10657,11083,11878,12673,13001,13400,13545
906,907,909,910,912,1049,2579,4025,4368,4370,4409,4410,4411,4428,4429,5577,6880,8681,10657,11083,11878,12673,13001,13400,13545
906,907,909,910,912,1049,2579,4025,4368,4370,4409,4410,4411,4428,4429,5577,6880,8681,10657,11083,11878,12673,13001,13400,13545
906,907,909,910,912,1049,2579,4025,4368,4370,4409,4410,4411,4428,4429,5577,6880,8681,10657,11083,11878,12673,13001,13400,13545
906,907,909,910,912,1049,2579,4025,4368,4370,4409,4410,4411,4428,4429,5577,6880,8681,10657,11083,11878,12673,13001,13400,13545
906,907,909,910,912,1049,2579,4025,4368,4370,4409,4410,4411,4428,4429,5577,6880,8681,10657,11083,11878,12673,13001,13400,13545
