1192,1823,2921,4360,4753,4957,4966,5809,7685,8640,9761,14160,14351,14697,15683,17120,19507,19849,22076,23340,24274,24377,25727,26635,26656
1192,2921,4360,4753,4957,4966,5809,7685,7754,8640,9761,14160,14351,15683,16260,16801,17120,19507,22076,24274,24377,26635,26656,28043,29102
2921,4360,4753,4957,4966,5809,7754,8640,9761,12028,14160,14351,15683,16260,16801,17120,18937,19507,22076,24274,24377,26635,26656,28043,29102
2921,4360,4753,4957,7754,8640,12028,14160,14351,15683,16260,16800,16801,17120,18937,19507,22076,24274,24377,26635,26656,28043,28288,29102,29271
2921,4360,4753,4957,7754,8640,12028,14160,14351,15683,16260,16800,16801,17120,18937,19507,22076,24274,24377,26635,26656,28043,28288,29102,29271
2921,4360,4753,4957,6510,7754,12028,14160,14351,15683,16260,16800,16801,17120,18937,19507,23455,24274,24377,26635,26656,28043,28288,29102,29271
2921,4360,4753,4957,6510,7754,12028,14160,14351,15683,16260,16800,16801,17120,18937,19507,23455,24274,24377,26635,26656,28043,28288,29102,29271
2921,4360,4753,4957,6510,7754,12028,14160,14351,15683,16260,16800,16801,17120,18937,19507,23455,24274,24377,26635,26656,28043,28288,29102,29271
2921,4360,4753,4957,6510,7754,12028,14160,14351,15683,16260,16800,16801,17120,18937,19507,23455,24274,24377,26635,26656,28043,28288,29102,29271
2921,4360,4753,4957,6510,7754,12028,14160,14351,15683,16260,16800,16801,17120,18937,19507,23455,24274,24377,26635,26656,28043,28288,29102,29271
2921,4360,4753,4957,6510,7754,12028,14160,14351,15683,16260,16800,16801,17120,18937,19507,23455,24274,24377,26635,26656,28043,28288,29102,29271
2921,4360,4753,4957,6510,7754,12028,14160,14351,15683,16260,16800,16801,17120,18937,19507,23455,24274,24377,26635,26656,28043,28288,29102,29271
2921,4360,4753,4957,6510,7754,12028,14160,14351,15683,16260,16800,16801,17120,18937,19507,23455,24274,24377,26635,26656,28043,28288,29102,29271
2921,4360,4753,4957,6510,7754,12028,14160,14351,15683,16260,16800,16801,17120,18937,19507,23455,24274,24377,26635,26656,28043,28288,29102,29271
2921,4360,4753,4957,6510,7754,12028,14160,14351,15683,16260,16800,16801,17120,18937,19507,23455,24274,24377,26635,26656,28043,28288,29102,29271
1192,1823,2921,4360,4753,4957,4966,5809,8640,9761,14160,14351,14697,15683,17120,19507,19849,22076,23340,24274,24377,25727,26635,26656,29097
1192,2921,4360,4753,4957,4966,7754,8640,9761,14160,14351,15683,16260,16801,17120,19507,19849,22076,24274,24377,26635,26656,28043,29097,29102
2921,4360,4753,4957,4966,5809,7754,8640,12028,14160,14351,15683,16260,16801,17120,18937,19507,19849,22076,24274,24377,26635,26656,28043,29102
2921,4360,4753,4957,7754,8640,12028,14160,14351,15683,16260,16800,16801,17120,18937,19507,22076,24274,24377,26635,26656,28043,28288,29102,29271
2921,4360,4753,4957,7754,8640,12028,14160,14351,15683,16260,16800,16801,17120,18937,19507,22076,24274,24377,26635,26656,28043,28288,29102,29271
2921,4360,4753,4957,6510,7754,12028,14160,14351,15683,16260,16800,16801,17120,18937,19507,23455,24274,24377,26635,26656,28043,28288,29102,29271
2921,4360,4753,4957,6510,7754,12028,14160,14351,15683,16260,16800,16801,17120,18937,19507,23455,24274,24377,26635,26656,28043,28288,29102,29271
2921,4360,4753,4957,6510,7754,12028,14160,14351,15683,16260,16800,16801,17120,18937,19507,23455,24274,24377,26635,26656,28043,28288,29102,29271
2921,4360,4753,4957,6510,7754,12028,14160,14351,15683,16260,16800,16801,17120,18937,19507,23455,24274,24377,26635,26656,28043,28288,29102,29271
2921,4360,4753,4957,6510,7754,12028,14160,14351,15683,16260,16800,16801,17120,18937,19507,23455,24274,24377,26635,26656,28043,28288,29102,29271
2921,4360,4753,4957,6510,7754,12028,14160,14351,15683,16260,16800,16801,17120,18937,19507,23455,24274,24377,26635,26656,28043,28288,29102,29271
2921,4360,4753,4957,6510,7754,12028,14160,14351,15683,16260,16800,16801,17120,18937,19507,23455,24274,24377,26635,26656,28043,28288,29102,29271
2921,4360,4753,4957,6510,7754,12028,14160,14351,15683,16260,16800,16801,17120,18937,19507,23455,24274,24377,26635,26656,28043,28288,29102,29271
2921,4360,4753,4957,6510,7754,12028,14160,14351,15683,16260,16800,16801,17120,18937,19507,23455,24274,24377,26635,26656,28043,28288,29102,29271
2921,4360,4753,4957,6510,7754,12028,14160,14351,15683,16260,16800,16801,17120,18937,19507,23455,24274,24377,26635,26656,28043,28288,29102,29271
1192,1823,2921,4360,4753,4957,4966,8640,9761,14160,14351,14697,15683,17120,19507,19849,22076,23340,24274,24377,25727,26635,26656,29097,29102
1192,2921,4360,4753,4957,4966,7754,8640,9761,14160,14351,15683,16260,16801,17120,19507,19849,22076,24274,24377,26635,26656,28043,29097,29102
2921,4360,4753,4957,4966,7754,8640,12028,14160,14351,15683,16260,16801,17120,18937,19507,19849,22076,24274,24377,26635,26656,28043,29097,29102
2921,4360,4753,4957,7754,8640,12028,14160,14351,15683,16260,16800,16801,17120,18937,19507,22076,24274,24377,26635,26656,28043,28288,29102,29271
2921,4360,4753,4957,7754,8640,12028,14160,14351,15683,16260,16800,16801,17120,18937,19507,22076,24274,24377,26635,26656,28043,28288,29102,29271
2921,4360,4753,4957,6510,7754,12028,14160,14351,15683,16260,16800,16801,17120,18937,19507,23455,24274,24377,26635,26656,28043,28288,29102,29271
2921,4360,4753,4957,6510,7754,12028,14160,14351,15683,16260,16800,16801,17120,18937,19507,23455,24274,24377,26635,26656,28043,28288,29102,29271
2921,4360,4753,4957,6510,7754,12028,14160,14351,15683,16260,16800,16801,17120,18937,19507,23455,24274,24377,26635,26656,28043,28288,29102,29271
2921,4360,4753,4957,6510,7754,12028,14160,14351,15683,16260,16800,16801,17120,18937,19507,23455,24274,24377,26635,26656,28043,28288,29102,29271
2921,4360,4753,4957,6510,7754,12028,14160,14351,15683,16260,16800,16801,17120,18937,19507,23455,24274,24377,26635,26656,28043,28288,29102,29271
2921,4360,4753,4957,6510,7754,12028,14160,14351,15683,16260,16800,16801,17120,18937,19507,23455,24274,24377,26635,26656,28043,28288,29102,29271
2921,4360,4753,4957,6510,7754,12028,14160,14351,15683,16260,16800,16801,17120,18937,19507,23455,24274,24377,26635,26656,28043,28288,29102,29271
2921,4360,4753,4957,6510,7754,12028,14160,14351,15683,16260,16800,16801,17120,18937,19507,23455,24274,24377,26635,26656,28043,28288,29102,29271
2921,4360,4753,4957,6510,7754,12028,14160,14351,15683,16260,16800,16801,17120,18937,19507,23455,24274,24377,26635,26656,28043,28288,29102,29271
2921,4360,4753,4957,6510,7754,12028,14160,14351,15683,16260,16800,16801,17120,18937,19507,23455,24274,24377,26635,26656,28043,28288,29102,29271
1192,1823,3573,4360,4731,4753,5879,13028,14038,14160,14181,14697,15683,16260,16801,19507,19849,20161,20588,24274,26635,26656,29097,29102,29222
1192,3573,4360,4731,4753,4957,5879,13028,14038,14160,14181,14351,15683,16260,16801,19507,19849,20161,24274,24377,26635,26656,28043,29097,29102
3573,4360,4731,4753,4957,5879,12028,13028,14038,14160,14181,14351,15683,16260,16801,18937,19507,19849,24274,24377,26635,26656,28043,29097,29102
2921,4360,4753,4957,7754,12028,14038,14160,14181,14351,15683,16260,16800,16801,17120,18937,19507,24274,24377,26635,26656,28043,28288,29102,29271
2921,4360,4753,4957,7754,8640,12028,14160,14351,15683,16260,16800,16801,17120,18937,19507,22076,24274,24377,26635,26656,28043,28288,29102,29271
2921,4360,4753,4957,6510,7754,12028,14160,14351,15683,16260,16800,16801,17120,18937,19507,23455,24274,24377,26635,26656,28043,28288,29102,29271
2921,4360,4753,4957,6510,7754,12028,14160,14351,15683,16260,16800,16801,17120,18937,19507,23455,24274,24377,26635,26656,28043,28288,29102,29271
2921,4360,4753,4957,6510,7754,12028,14160,14351,15683,16260,16800,16801,17120,18937,19507,23455,24274,24377,26635,26656,28043,28288,29102,29271
2921,4360,4753,4957,6510,7754,12028,14160,14351,15683,16260,16800,16801,17120,18937,19507,23455,24274,24377,26635,26656,28043,28288,29102,29271
2921,4360,4753,4957,6510,7754,12028,14160,14351,15683,16260,16800,16801,17120,18937,19507,23455,24274,24377,26635,26656,28043,28288,29102,29271
2921,4360,4753,4957,6510,7754,12028,14160,14351,15683,16260,16800,16801,17120,18937,19507,23455,24274,24377,26635,26656,28043,28288,29102,29271
2921,4360,4753,4957,6510,7754,12028,14160,14351,15683,16260,16800,16801,17120,18937,19507,23455,24274,24377,26635,26656,28043,28288,29102,29271
2921,4360,4753,4957,6510,7754,12028,14160,14351,15683,16260,16800,16801,17120,18937,19507,23455,24274,24377,26635,26656,28043,28288,29102,29271
2921,4360,4753,4957,6510,7754,12028,14160,14351,15683,16260,16800,16801,17120,18937,19507,23455,24274,24377,26635,26656,28043,28288,29102,29271
2921,4360,4753,4957,6510,7754,12028,14160,14351,15683,16260,16800,16801,17120,18937,19507,23455,24274,24377,26635,26656,28043,28288,29102,29271
1192,1562,3550,3573,4122,4731,4753,4930,5879,7631,13028,14038,14160,14181,15683,16801,19849,19918,20588,26224,26635,26656,29097,29102,29222
1562,3573,4360,4731,4753,5879,7631,13028,14038,14160,14181,15683,16260,16801,19849,20161,20588,24274,26224,26635,26656,28043,29097,29102,29222
1562,3573,4360,4731,4753,5879,7631,13028,14038,14160,14181,15683,16260,16801,18937,19849,20161,24274,26224,26635,26656,28043,29097,29102,29222
2921,4360,4753,4957,7754,12028,14038,14160,14181,15683,16260,16800,16801,17120,18937,19507,19849,24274,26635,26656,28043,28288,29097,29102,29271
2921,4360,4753,4957,7754,12028,14038,14160,14181,14351,15683,16260,16800,16801,17120,18937,19507,24274,24377,26635,26656,28043,28288,29102,29271
2921,4360,4753,4957,6510,7754,12028,14160,14351,15683,16260,16800,16801,17120,18937,19507,23455,24274,24377,26635,26656,28043,28288,29102,29271
2921,4360,4753,4957,6510,7754,12028,14160,14351,15683,16260,16800,16801,17120,18937,19507,23455,24274,24377,26635,26656,28043,28288,29102,29271
2921,4360,4753,4957,6510,7754,12028,14160,14351,15683,16260,16800,16801,17120,18937,19507,23455,24274,24377,26635,26656,28043,28288,29102,29271
2921,4360,4753,4957,6510,7754,12028,14160,14351,15683,16260,16800,16801,17120,18937,19507,23455,24274,24377,26635,26656,28043,28288,29102,29271
2921,4360,4753,4957,6510,7754,12028,14160,14351,15683,16260,16800,16801,17120,18937,19507,23455,24274,24377,26635,26656,28043,28288,29102,29271
2921,4360,4753,4957,6510,7754,12028,14160,14351,15683,16260,16800,16801,17120,18937,19507,23455,24274,24377,26635,26656,28043,28288,29102,29271
2921,4360,4753,4957,6510,7754,12028,14160,14351,15683,16260,16800,16801,17120,18937,19507,23455,24274,24377,26635,26656,28043,28288,29102,29271
2921,4360,4753,4957,6510,7754,12028,14160,14351,15683,16260,16800,16801,17120,18937,19507,23455,24274,24377,26635,26656,28043,28288,29102,29271
2921,4360,4753,4957,6510,7754,12028,14160,14351,15683,16260,16800,16801,17120,18937,19507,23455,24274,24377,26635,26656,28043,28288,29102,29271
2921,4360,4753,4957,6510,7754,12028,14160,14351,15683,16260,16800,16801,17120,18937,19507,23455,24274,24377,26635,26656,28043,28288,29102,29271
502,1562,1570,2418,3550,3573,3780,4731,4930,5879,7631,13028,14038,14091,14181,19849,19918,20588,21231,23254,26058,26224,27201,29097,29222
502,1562,1570,2418,3550,3573,3780,4731,4930,5879,7631,13028,14038,14091,14181,19849,19918,20588,21231,23254,26058,26224,27201,29097,29222
502,1562,1570,2418,3550,3573,4731,4927,4930,5879,7631,13028,14038,14091,14181,19849,19918,20588,21231,23254,26058,26224,27201,29097,29222
502,1562,3550,3573,4360,4731,4927,4930,5879,7631,13028,14038,14181,16801,18937,19849,19918,25081,26224,26635,26656,27201,28043,29097,29222
502,1562,3550,3573,4360,4731,4927,4930,5879,7631,12028,13028,14038,14181,15683,16801,18937,19849,26224,26635,26656,27201,28043,29097,29222
2921,4360,4753,4927,4957,7754,12028,14038,14160,14181,15683,16260,16800,16801,17120,18937,19507,23455,24274,26635,26656,28043,28288,29102,29271
2921,4360,4753,4957,7754,12028,14160,14181,14351,15683,16260,16800,16801,17120,18937,19507,23455,24274,24377,26635,26656,28043,28288,29102,29271
2921,4360,4753,4957,6510,7754,12028,14160,14351,15683,16260,16800,16801,17120,18937,19507,23455,24274,24377,26635,26656,28043,28288,29102,29271
2921,4360,4753,4957,6510,7754,12028,14160,14351,15683,16260,16800,16801,17120,18937,19507,23455,24274,24377,26635,26656,28043,28288,29102,29271
2921,4360,4753,4957,6510,7754,12028,14160,14351,15683,16260,16800,16801,17120,18937,19507,23455,24274,24377,26635,26656,28043,28288,29102,29271
2921,4360,4753,4957,6510,7754,12028,14160,14351,15683,16260,16800,16801,17120,18937,19507,23455,24274,24377,26635,26656,28043,28288,29102,29271
2921,4360,4753,4957,6510,7754,12028,14160,14351,15683,16260,16800,16801,17120,18937,19507,23455,24274,24377,26635,26656,28043,28288,29102,29271
2921,4360,4753,4957,6510,7754,12028,14160,14351,15683,16260,16800,16801,17120,18937,19507,23455,24274,24377,26635,26656,28043,28288,29102,29271
2921,4360,4753,4957,6510,7754,12028,14160,14351,15683,16260,16800,16801,17120,18937,19507,23455,24274,24377,26635,26656,28043,28288,29102,29271
2921,4360,4753,4957,6510,7754,12028,14160,14351,15683,16260,16800,16801,17120,18937,19507,23455,24274,24377,26635,26656,28043,28288,29102,29271
502,1562,1570,2418,3550,3573,3780,4731,4930,5879,7631,13028,14038,14091,14181,19849,19918,20588,21231,23254,26058,26224,27201,29097,29222
502,1562,1570,2418,3550,3573,3780,4731,4930,5879,7631,13028,14038,14091,14181,19849,19918,20588,21231,23254,26058,26224,27201,29097,29222
502,1562,1570,2418,3550,3573,3780,4731,4930,5879,7631,13028,14038,14091,14181,19849,19918,20588,21231,23254,26058,26224,27201,29097,29222
502,1562,1570,3550,3573,4122,4731,4927,4930,5879,7631,13028,14038,14091,14181,19849,19918,20588,21231,25081,26058,26224,27201,29097,29222
502,1562,3550,3573,4360,4731,4927,4930,5879,7631,13028,14038,14181,16801,18937,19849,19918,25081,26058,26224,26656,27201,28043,29097,29222
2921,4360,4753,4927,4957,5879,7754,12028,13028,14038,14160,14181,15683,16260,16801,18937,19849,23455,26635,26656,28043,28288,29097,29102,29271
2921,4360,4753,4927,4957,7754,12028,14038,14160,14181,15683,16260,16800,16801,17120,18937,19507,23455,24274,26635,26656,28043,28288,29102,29271
2921,4360,4753,4957,6510,7754,12028,14160,14351,15683,16260,16800,16801,17120,18937,19507,23455,24274,24377,26635,26656,28043,28288,29102,29271
2921,4360,4753,4957,6510,7754,12028,14160,14351,15683,16260,16800,16801,17120,18937,19507,23455,24274,24377,26635,26656,28043,28288,29102,29271
2921,4360,4753,4957,6510,7754,12028,14160,14351,15683,16260,16800,16801,17120,18937,19507,23455,24274,24377,26635,26656,28043,28288,29102,29271
2921,4360,4753,4957,6510,7754,12028,14160,14351,15683,16260,16800,16801,17120,18937,19507,23455,24274,24377,26635,26656,28043,28288,29102,29271
2921,4360,4753,4957,6510,7754,12028,14160,14351,15683,16260,16800,16801,17120,18937,19507,23455,24274,24377,26635,26656,28043,28288,29102,29271
2921,4360,4753,4957,6510,7754,12028,14160,14351,15683,16260,16800,16801,17120,18937,19507,23455,24274,24377,26635,26656,28043,28288,29102,29271
2921,4360,4753,4957,6510,7754,12028,14160,14351,15683,16260,16800,16801,17120,18937,19507,23455,24274,24377,26635,26656,28043,28288,29102,29271
2921,4360,4753,4957,6510,7754,12028,14160,14351,15683,16260,16800,16801,17120,18937,19507,23455,24274,24377,26635,26656,28043,28288,29102,29271
502,1562,1570,2418,3550,3573,3780,4731,4930,5879,7631,11354,13028,14038,14091,14181,19849,19918,21231,23254,26058,26224,27201,29097,29222
502,1562,1570,2418,3550,3573,3780,4731,4930,5879,7631,11354,13028,14038,14091,14181,19849,19918,21231,23254,26058,26224,27201,29097,29222
502,1562,1570,2418,3550,3573,3780,4731,4930,5879,7631,11354,13028,14038,14091,14181,19849,19918,21231,23254,26058,26224,27201,29097,29222
502,1562,1570,2418,3550,3573,3780,4731,4930,5879,7631,11354,13028,14038,14091,14181,19849,19918,21231,23254,26058,26224,27201,29097,29222
502,1562,1570,2418,3550,3573,3780,4731,4927,4930,5879,7631,13028,14038,14091,14181,19849,19918,21231,23254,26058,26224,27201,29097,29222
502,1562,1570,3550,3573,4360,4731,4927,4930,5879,7631,13028,14038,14091,14181,19849,19918,21231,25081,26058,26224,26656,27201,29097,29222
502,1562,3550,3573,4360,4731,4927,4930,5879,7631,12028,13028,14038,14181,16801,18937,19849,19918,26224,26656,27201,28043,29097,29222,29271
2921,4360,4753,4927,4957,7754,12028,14038,14160,14181,15683,16260,16800,16801,17120,18937,19507,23455,24274,26635,26656,28043,28288,29102,29271
2921,4360,4753,4957,7754,12028,14160,14181,14351,15683,16260,16800,16801,17120,18937,19507,23455,24274,24377,26635,26656,28043,28288,29102,29271
2921,4360,4753,4957,6510,7754,12028,14160,14351,15683,16260,16800,16801,17120,18937,19507,23455,24274,24377,26635,26656,28043,28288,29102,29271
2921,4360,4753,4957,6510,7754,12028,14160,14351,15683,16260,16800,16801,17120,18937,19507,23455,24274,24377,26635,26656,28043,28288,29102,29271
2921,4360,4753,4957,6510,7754,12028,14160,14351,15683,16260,16800,16801,17120,18937,19507,23455,24274,24377,26635,26656,28043,28288,29102,29271
2921,4360,4753,4957,6510,7754,12028,14160,14351,15683,16260,16800,16801,17120,18937,19507,23455,24274,24377,26635,26656,28043,28288,29102,29271
2921,4360,4753,4957,6510,7754,12028,14160,14351,15683,16260,16800,16801,17120,18937,19507,23455,24274,24377,26635,26656,28043,28288,29102,29271
2921,4360,4753,4957,6510,7754,12028,14160,14351,15683,16260,16800,16801,17120,18937,19507,23455,24274,24377,26635,26656,28043,28288,29102,29271
502,1562,1570,2418,3550,3573,3780,4731,4930,5879,7631,11354,13028,14038,14091,14181,19849,19918,21231,23254,26058,26224,27201,29097,29222
502,1562,1570,2418,3550,3573,3780,4731,4930,5879,7631,11354,13028,14038,14091,14181,19849,19918,21231,23254,26058,26224,27201,29097,29222
502,1562,1570,2418,3550,3573,3780,4731,4930,5879,7631,11354,13028,14038,14091,14181,19849,19918,21231,23254,26058,26224,27201,29097,29222
502,1562,1570,2418,3550,3573,3780,4731,4930,5879,7631,11354,13028,14038,14091,14181,19849,19918,21231,23254,26058,26224,27201,29097,29222
502,1562,1570,2418,3550,3573,3780,4731,4930,5879,7631,11354,13028,14038,14091,14181,19849,19918,21231,23254,26058,26224,27201,29097,29222
502,1562,1570,2418,3550,3573,3780,4731,4927,4930,5879,7631,13028,14038,14091,14181,14591,19849,19918,21231,26058,26224,27201,29097,29222
502,1562,1570,3550,3573,4360,4731,4927,4930,5879,7631,13028,14038,14091,14181,19849,19918,21231,25081,26058,26224,26656,27201,29097,29222
2921,4360,4753,4927,4957,5879,7754,12028,13028,14038,14160,14181,15683,16260,16801,18937,19849,23455,26635,26656,28043,28288,29097,29102,29271
2921,4360,4753,4927,4957,7754,12028,14038,14160,14181,15683,16260,16800,16801,17120,18937,20161,23455,24274,26635,26656,28043,28288,29102,29271
2921,4360,4753,4957,6510,7754,12028,14160,14351,15683,16260,16800,16801,17120,18937,19507,23455,24274,24377,26635,26656,28043,28288,29102,29271
2921,4360,4753,4957,6510,7754,12028,14160,14351,15683,16260,16800,16801,17120,18937,19507,23455,24274,24377,26635,26656,28043,28288,29102,29271
2921,4360,4753,4957,6510,7754,12028,14160,14351,15683,16260,16800,16801,17120,18937,19507,23455,24274,24377,26635,26656,28043,28288,29102,29271
2921,4360,4753,4957,6510,7754,12028,14160,14351,15683,16260,16800,16801,17120,18937,19507,23455,24274,24377,26635,26656,28043,28288,29102,29271
2921,4360,4753,4957,6510,7754,12028,14160,14351,15683,16260,16800,16801,17120,18937,19507,23455,24274,24377,26635,26656,28043,28288,29102,29271
2921,4360,4753,4957,6510,7754,12028,14160,14351,15683,16260,16800,16801,17120,18937,19507,23455,24274,24377,26635,26656,28043,28288,29102,29271
502,1562,1570,2418,3550,3573,3780,4731,4930,5879,7631,11354,13028,14038,14091,14181,19849,19918,21231,23254,26058,26224,27201,29097,29222
502,1562,1570,2418,3550,3573,3780,4731,4930,5879,7631,11354,13028,14038,14091,14181,19849,19918,21231,23254,26058,26224,27201,29097,29222
502,1562,1570,2418,3550,3573,3780,4731,4930,5879,7631,11354,13028,14038,14091,14181,19849,19918,21231,23254,26058,26224,27201,29097,29222
502,1562,1570,2418,3550,3573,3780,4731,4930,5879,7631,11354,13028,14038,14091,14181,19849,19918,21231,23254,26058,26224,27201,29097,29222
502,1562,1570,2418,3550,3573,3780,4731,4930,5879,7631,11354,13028,14038,14091,14181,19849,19918,21231,23254,26058,26224,27201,29097,29222
502,1562,1570,2418,3550,3573,3780,4731,4930,5879,7631,11354,13028,14038,14091,14181,19849,19918,21231,23254,26058,26224,27201,29097,29222
502,1562,1570,2418,3550,3573,3780,4731,4927,4930,5879,7631,13028,14038,14091,14181,19849,19918,21231,23254,26058,26224,27201,29097,29222
502,1562,1570,3550,3573,4360,4731,4927,4930,5879,7631,13028,14038,14091,14181,19849,19918,21231,25081,26058,26224,26656,27201,29097,29222
502,1562,3550,3573,4360,4731,4927,4930,5879,7631,12028,13028,14038,14181,16801,18937,19849,19918,26224,26656,27201,28043,29097,29222,29271
2921,4360,4753,4927,4957,7754,12028,14038,14160,14181,15683,16260,16800,16801,17120,18937,20161,23455,24274,26635,26656,28043,28288,29102,29271
2921,4360,4753,4927,4957,7754,12028,14160,14181,15683,16260,16800,16801,17120,18937,19507,23455,24274,24377,26635,26656,28043,28288,29102,29271
2921,4360,4753,4957,6510,7754,12028,14160,14351,15683,16260,16800,16801,17120,18937,19507,23455,24274,24377,26635,26656,28043,28288,29102,29271
2921,4360,4753,4957,6510,7754,12028,14160,14351,15683,16260,16800,16801,17120,18937,19507,23455,24274,24377,26635,26656,28043,28288,29102,29271
2921,4360,4753,4957,6510,7754,12028,14160,14351,15683,16260,16800,16801,17120,18937,19507,23455,24274,24377,26635,26656,28043,28288,29102,29271
2921,4360,4753,4957,6510,7754,12028,14160,14351,15683,16260,16800,16801,17120,18937,19507,23455,24274,24377,26635,26656,28043,28288,29102,29271
502,1562,1570,2418,3550,3573,3780,4731,4930,5879,7631,11354,13028,14038,14091,14181,19849,19918,21231,23254,26058,26224,27201,29097,29222
502,1562,1570,2418,3550,3573,3780,4731,4930,5879,7631,11354,13028,14038,14091,14181,19849,19918,21231,23254,26058,26224,27201,29097,29222
502,1562,1570,2418,3550,3573,3780,4731,4930,5879,7631,11354,13028,14038,14091,14181,19849,19918,21231,23254,26058,26224,27201,29097,29222
502,1562,1570,2418,3550,3573,3780,4731,4930,5879,7631,11354,13028,14038,14091,14181,19849,19918,21231,23254,26058,26224,27201,29097,29222
502,1562,1570,2418,3550,3573,3780,4731,4930,5879,7631,11354,13028,14038,14091,14181,19849,19918,21231,23254,26058,26224,27201,29097,29222
502,1562,1570,2418,3550,3573,3780,4731,4930,5879,7631,11354,13028,14038,14091,14181,19849,19918,21231,23254,26058,26224,27201,29097,29222
502,1562,1570,2418,3550,3573,3780,4731,4930,5879,7631,11354,13028,14038,14091,14181,19849,19918,21231,23254,26058,26224,27201,29097,29222
502,1562,1570,2418,3550,3573,3780,4731,4927,4930,5879,7631,13028,14038,14091,14181,14591,19849,19918,21231,26058,26224,27201,29097,29222
502,1562,1570,3550,3573,4360,4731,4927,4930,5879,7631,13028,14038,14091,14181,19849,19918,21231,25081,26058,26224,26656,27201,29097,29222
2921,4360,4753,4927,4957,5879,7754,12028,13028,14038,14160,14181,15683,16260,16801,18937,19849,23455,26635,26656,28043,28288,29097,29102,29271
2921,4360,4753,4927,4957,7754,12028,14038,14160,14181,15683,16260,16800,16801,17120,18937,20161,23455,24274,26635,26656,28043,28288,29102,29271
2921,4360,4753,4957,6510,7754,12028,14160,14351,15683,16260,16800,16801,17120,18937,19507,23455,24274,24377,26635,26656,28043,28288,29102,29271
2921,4360,4753,4957,6510,7754,12028,14160,14351,15683,16260,16800,16801,17120,18937,19507,23455,24274,24377,26635,26656,28043,28288,29102,29271
2921,4360,4753,4957,6510,7754,12028,14160,14351,15683,16260,16800,16801,17120,18937,19507,23455,24274,24377,26635,26656,28043,28288,29102,29271
2921,4360,4753,4957,6510,7754,12028,14160,14351,15683,16260,16800,16801,17120,18937,19507,23455,24274,24377,26635,26656,28043,28288,29102,29271
502,1562,1570,2418,3550,3573,3780,4731,4930,5879,7631,11354,13028,14038,14091,14181,19849,19918,21231,23254,26058,26224,27201,29097,29222
502,1562,1570,2418,3550,3573,3780,4731,4930,5879,7631,11354,13028,14038,14091,14181,19849,19918,21231,23254,26058,26224,27201,29097,29222
502,1562,1570,2418,3550,3573,3780,4731,4930,5879,7631,11354,13028,14038,14091,14181,19849,19918,21231,23254,26058,26224,27201,29097,29222
502,1562,1570,2418,3550,3573,3780,4731,4930,5879,7631,11354,13028,14038,14091,14181,19849,19918,21231,23254,26058,26224,27201,29097,29222
502,1562,1570,2418,3550,3573,3780,4731,4930,5879,7631,11354,13028,14038,14091,14181,19849,19918,21231,23254,26058,26224,27201,29097,29222
502,1562,1570,2418,3550,3573,3780,4731,4930,5879,7631,11354,13028,14038,14091,14181,19849,19918,21231,23254,26058,26224,27201,29097,29222
502,1562,1570,2418,3550,3573,3780,4731,4930,5879,7631,11354,13028,14038,14091,14181,19849,19918,21231,23254,26058,26224,27201,29097,29222
502,1562,1570,2418,3550,3573,3780,4731,4930,5879,7631,11354,13028,14038,14091,14181,19849,19918,21231,23254,26058,26224,27201,29097,29222
502,1562,1570,2418,3550,3573,3780,4731,4930,5879,7631,11354,13028,14038,14091,14181,19849,19918,21231,23254,26058,26224,27201,29097,29222
502,1562,1570,2418,3550,3573,3780,4731,4927,4930,5879,7631,13028,14038,14091,14181,14591,19849,19918,21231,26058,26224,27201,29097,29222
502,1562,1570,3550,3573,4360,4731,4927,4930,5879,7631,13028,14038,14091,14181,19849,19918,21231,25081,26058,26224,26656,27201,29097,29222
2921,4360,4753,4927,4957,7754,12028,14038,14160,14181,15683,16260,16800,16801,17120,18937,20161,23455,24274,26635,26656,28043,28288,29102,29271
2921,4360,4753,4957,6510,7754,12028,14160,14351,15683,16260,16800,16801,17120,18937,19507,23455,24274,24377,26635,26656,28043,28288,29102,29271
2921,4360,4753,4957,6510,7754,12028,14160,14351,15683,16260,16800,16801,17120,18937,19507,23455,24274,24377,26635,26656,28043,28288,29102,29271
2921,4360,4753,4957,6510,7754,12028,14160,14351,15683,16260,16800,16801,17120,18937,19507,23455,24274,24377,26635,26656,28043,28288,29102,29271
502,1562,1570,2418,3550,3573,3780,4731,4930,5879,7631,11354,13028,14038,14091,14181,19849,19918,21231,23254,26058,26224,27201,29097,29222
502,1562,1570,2418,3550,3573,3780,4731,4930,5879,7631,11354,13028,14038,14091,14181,19849,19918,21231,23254,26058,26224,27201,29097,29222
502,1562,1570,2418,3550,3573,3780,4731,4930,5879,7631,11354,13028,14038,14091,14181,19849,19918,21231,23254,26058,26224,27201,29097,29222
502,1562,1570,2418,3550,3573,3780,4731,4930,5879,7631,11354,13028,14038,14091,14181,19849,19918,21231,23254,26058,26224,27201,29097,29222
502,1562,1570,2418,3550,3573,3780,4731,4930,5879,7631,11354,13028,14038,14091,14181,19849,19918,21231,23254,26058,26224,27201,29097,29222
502,1562,1570,2418,3550,3573,3780,4731,4930,5879,7631,11354,13028,14038,14091,14181,19849,19918,21231,23254,26058,26224,27201,29097,29222
502,1562,1570,2418,3550,3573,3780,4731,4930,5879,7631,11354,13028,14038,14091,14181,19849,19918,21231,23254,26058,26224,27201,29097,29222
502,1562,1570,2418,3550,3573,3780,4731,4930,5879,7631,11354,13028,14038,14091,14181,19849,19918,21231,23254,26058,26224,27201,29097,29222
502,1562,1570,2418,3550,3573,3780,4731,4930,5879,7631,11354,13028,14038,14091,14181,19849,19918,21231,23254,26058,26224,27201,29097,29222
502,1562,1570,2418,3550,3573,3780,4731,4930,5879,7631,11354,13028,14038,14091,14181,19849,19918,21231,23254,26058,26224,27201,29097,29222
502,1562,1570,2418,3550,3573,3780,4731,4930,5879,7631,11354,13028,14038,14091,14181,19849,19918,21231,23254,26058,26224,27201,29097,29222
502,1562,1570,3550,3573,4360,4731,4927,4930,5879,7631,13028,14038,14091,14181,19849,19918,21231,25081,26058,26224,26656,27201,29097,29222
2921,4360,4753,4927,4957,7754,12028,14038,14160,14181,15683,16260,16800,16801,17120,18937,20161,23455,24274,26635,26656,28043,28288,29102,29271
2921,4360,4753,4957,6510,7754,12028,14160,14351,15683,16260,16800,16801,17120,18937,19507,23455,24274,24377,26635,26656,28043,28288,29102,29271
2921,4360,4753,4957,6510,7754,12028,14160,14351,15683,16260,16800,16801,17120,18937,19507,23455,24274,24377,26635,26656,28043,28288,29102,29271
502,1562,1570,2418,3550,3573,3780,4731,4930,5879,7631,11354,13028,14038,14091,14181,19849,19918,21231,23254,26058,26224,27201,29097,29222
502,1562,1570,2418,3550,3573,3780,4731,4930,5879,7631,11354,13028,14038,14091,14181,19849,19918,21231,23254,26058,26224,27201,29097,29222
502,1562,1570,2418,3550,3573,3780,4731,4930,5879,7631,11354,13028,14038,14091,14181,19849,19918,21231,23254,26058,26224,27201,29097,29222
502,1562,1570,2418,3550,3573,3780,4731,4930,5879,7631,11354,13028,14038,14091,14181,19849,19918,21231,23254,26058,26224,27201,29097,29222
502,1562,1570,2418,3550,3573,3780,4731,4930,5879,7631,11354,13028,14038,14091,14181,19849,19918,21231,23254,26058,26224,27201,29097,29222
502,1562,1570,2418,3550,3573,3780,4731,4930,5879,7631,11354,13028,14038,14091,14181,19849,19918,21231,23254,26058,26224,27201,29097,29222
502,1562,1570,2418,3550,3573,3780,4731,4930,5879,7631,11354,13028,14038,14091,14181,19849,19918,21231,23254,26058,26224,27201,29097,29222
502,1562,1570,2418,3550,3573,3780,4731,4930,5879,7631,11354,13028,14038,14091,14181,19849,19918,21231,23254,26058,26224,27201,29097,29222
502,1562,1570,2418,3550,3573,3780,4731,4930,5879,7631,11354,13028,14038,14091,14181,19849,19918,21231,23254,26058,26224,27201,29097,29222
502,1562,1570,2418,3550,3573,3780,4731,4930,5879,7631,11354,13028,14038,14091,14181,19849,19918,21231,23254,26058,26224,27201,29097,29222
502,1562,1570,2418,3550,3573,3780,4731,4930,5879,7631,11354,13028,14038,14091,14181,19849,19918,21231,23254,26058,26224,27201,29097,29222
502,1562,1570,2418,3550,3573,3780,4731,4930,5879,7631,11354,13028,14038,14091,14181,19849,19918,21231,23254,26058,26224,27201,29097,29222
502,1562,1570,3550,3573,4360,4731,4927,4930,5879,7631,13028,14038,14091,14181,19849,19918,21231,25081,26058,26224,26656,27201,29097,29222
2921,4360,4753,4927,4957,7754,12028,14038,14160,14181,15683,16260,16800,16801,17120,18937,20161,23455,24274,26635,26656,28043,28288,29102,29271
2921,4360,4753,4957,6510,7754,12028,14160,14351,15683,16260,16800,16801,17120,18937,19507,23455,24274,24377,26635,26656,28043,28288,29102,29271
502,1562,1570,2418,3550,3573,3780,4731,4930,5879,7631,11354,13028,14038,14091,14181,19849,19918,21231,23254,26058,26224,27201,29097,29222
502,1562,1570,2418,3550,3573,3780,4731,4930,5879,7631,11354,13028,14038,14091,14181,19849,19918,21231,23254,26058,26224,27201,29097,29222
502,1562,1570,2418,3550,3573,3780,4731,4930,5879,7631,11354,13028,14038,14091,14181,19849,19918,21231,23254,26058,26224,27201,29097,29222
502,1562,1570,2418,3550,3573,3780,4731,4930,5879,7631,11354,13028,14038,14091,14181,19849,19918,21231,23254,26058,26224,27201,29097,29222
502,1562,1570,2418,3550,3573,3780,4731,4930,5879,7631,11354,13028,14038,14091,14181,19849,19918,21231,23254,26058,26224,27201,29097,29222
502,1562,1570,2418,3550,3573,3780,4731,4930,5879,7631,11354,13028,14038,14091,14181,19849,19918,21231,23254,26058,26224,27201,29097,29222
502,1562,1570,2418,3550,3573,3780,4731,4930,5879,7631,11354,13028,14038,14091,14181,19849,19918,21231,23254,26058,26224,27201,29097,29222
502,1562,1570,2418,3550,3573,3780,4731,4930,5879,7631,11354,13028,14038,14091,14181,19849,19918,21231,23254,26058,26224,27201,29097,29222
502,1562,1570,2418,3550,3573,3780,4731,4930,5879,7631,11354,13028,14038,14091,14181,19849,19918,21231,23254,26058,26224,27201,29097,29222
502,1562,1570,2418,3550,3573,3780,4731,4930,5879,7631,11354,13028,14038,14091,14181,19849,19918,21231,23254,26058,26224,27201,29097,29222
502,1562,1570,2418,3550,3573,3780,4731,4930,5879,7631,11354,13028,14038,14091,14181,19849,19918,21231,23254,26058,26224,27201,29097,29222
502,1562,1570,2418,3550,3573,3780,4731,4930,5879,7631,11354,13028,14038,14091,14181,19849,19918,21231,23254,26058,26224,27201,29097,29222
502,1562,1570,2418,3550,3573,3780,4731,4930,5879,7631,11354,13028,14038,14091,14181,19849,19918,21231,23254,26058,26224,27201,29097,29222
502,1562,1570,3550,3573,4360,4731,4927,4930,5879,7631,13028,14038,14091,14181,19849,19918,21231,25081,26058,26224,26656,27201,29097,29222
2921,4360,4753,4927,4957,7754,12028,14038,14160,14181,15683,16260,16800,16801,17120,18937,20161,23455,24274,26635,26656,28043,28288,29102,29271
