201,867,1095,1531,1955,2365,2711,2871,3604,4594,4779,5231,5378,5758,6389,7278,7486,7802,8266,8290,8315,8350,8990,9573,9789
201,867,1095,1531,1955,2365,2871,3209,3604,4594,4779,5231,5378,5758,6389,7278,7486,7802,8266,8290,8315,8350,8990,9573,9789
201,867,1095,1531,1955,2365,2871,3209,3604,4594,4779,5231,5378,5758,6389,7278,7486,7802,8266,8290,8315,8350,8990,9573,9789
201,867,1095,1531,1955,2365,2711,2871,3209,3604,4594,4779,5231,5378,5758,6389,7486,7802,8266,8290,8315,8350,8990,9573,9789
201,867,1095,1531,1955,2365,2871,3209,3604,4594,4779,5231,5378,5758,6389,7278,7486,7802,8266,8290,8315,8350,8990,9573,9789
201,867,1095,1531,1955,2365,2711,2871,3209,3604,4594,4779,5231,5378,5758,6389,7486,7802,8266,8290,8315,8350,8990,9573,9789
201,867,1095,1531,1955,2365,2711,2871,3209,3604,4594,4779,5231,5378,5758,6389,7486,7802,8266,8290,8315,8350,8990,9573,9789
201,867,1095,1531,1955,2365,2711,2871,3209,3604,4594,4779,5231,5378,5758,6389,7486,7802,8266,8290,8315,8350,8990,9573,9789
201,867,1095,1531,1955,2365,2711,2871,3209,3604,4594,4779,5231,5378,5758,6389,7486,7802,8266,8290,8315,8350,8990,9573,9789
201,867,1095,1531,1955,2365,2711,2871,3209,3604,4594,4779,5231,5378,5758,6389,7486,7802,8266,8290,8315,8350,8990,9573,9789
201,867,1095,1531,1955,2365,2711,2871,3209,3604,4594,4779,5231,5378,5758,6389,7486,7802,8266,8290,8315,8350,8990,9573,9789
201,867,1095,1531,1955,2365,2871,3209,3604,4594,4779,5231,5378,5758,6389,7486,7802,8266,8290,8315,8350,8990,9431,9573,9789
201,867,1095,1531,1955,2365,2871,2887,3209,3604,4594,4779,5231,5378,5758,6389,7486,7802,8266,8290,8315,8350,8990,9573,9789
201,867,1095,1531,1955,2365,2871,3209,3604,4594,4779,5231,5378,5758,6389,7486,7802,8266,8290,8315,8350,8990,9431,9573,9789
201,867,1095,1531,1955,2365,2871,2887,3209,3604,4594,4779,5231,5378,5758,6389,7486,7802,8266,8290,8315,8350,8990,9573,9789
201,867,1095,1531,1955,2365,2871,2887,3209,3604,4594,4779,5231,5378,5758,6389,7486,7802,8266,8290,8315,8350,8990,9573,9789
201,867,1095,1531,1955,2365,2871,2887,3209,3604,4594,4779,5231,5378,5758,6389,7486,7802,8266,8290,8315,8350,8990,9573,9789
201,867,1095,1531,1955,2365,2871,3209,3604,4594,4779,5231,5378,5758,6389,7486,7802,8266,8290,8315,8350,8990,9431,9573,9789
201,867,1095,1531,1955,2365,2871,3209,3604,4594,4779,5231,5378,5758,6389,7486,7802,8266,8290,8315,8350,8990,9431,9573,9789
201,867,1095,1531,1955,2365,2711,2871,3209,3604,4594,4779,5231,5378,5758,6389,7486,7802,8266,8290,8315,8350,8990,9573,9789
