201,1095,1531,1955,2273,2365,2711,2871,3209,3712,4594,4745,5231,5378,5758,6389,6455,7278,7486,7802,7876,8266,8290,8990,9789
201,1095,1270,1531,1955,2365,2871,2914,3209,3712,4594,4745,4779,5231,5378,5758,6389,6455,7486,7802,8266,8290,8990,9789,9816
201,1095,1270,1531,1955,2273,2365,2871,2887,2914,3712,4594,4745,4779,5231,5378,5758,6389,6455,7486,7802,8266,8290,8990,9789
201,242,1095,1531,1955,2365,2871,2887,2914,3209,3712,4594,4745,4779,5231,5378,5758,6389,6455,6472,7486,8266,8290,8990,9789
201,1095,1270,1531,1955,2365,2711,2871,2914,3209,3712,4594,4745,4779,5231,5378,5758,6455,7278,7486,7802,8266,8290,8990,9789
201,242,1095,1531,1955,2365,2711,2871,2914,3209,3712,4594,4745,4779,5231,5378,5758,6389,6472,7486,7802,8266,8290,8990,9789
201,1095,1531,1955,2365,2711,2871,2914,3209,3712,4594,4745,4779,5231,5378,5758,6389,6455,6472,7486,7802,8266,8290,8990,9789
201,1095,1531,1955,2365,2711,2871,2914,3209,3712,4594,4745,4779,5010,5231,5378,5758,6389,6472,7486,7802,8266,8290,8990,9789
201,1095,1531,1955,2365,2711,2871,2914,3209,3712,4594,4745,4779,5231,5378,5758,6389,6455,6472,7486,7802,8266,8290,8990,9789
201,1095,1531,1955,2365,2711,2871,2914,3209,3712,4594,4745,4779,5231,5378,5758,6389,6455,6472,7486,7802,8266,8290,8990,9789
201,1095,1270,1531,1955,2365,2711,2871,2914,3209,3712,4594,4745,4779,5231,5378,5758,6389,6455,7486,7802,8266,8290,8990,9789
201,1095,1270,1531,1955,2273,2365,2711,2871,2914,3209,3712,4594,4779,5231,5378,5758,6389,6455,7486,7802,8266,8290,8990,9789
201,1095,1531,1955,2365,2711,2871,2914,3209,3712,4594,4745,4779,5010,5231,5378,5758,6389,6455,7486,7802,8266,8290,8990,9789
201,1095,1531,1955,2365,2871,3209,3712,4594,4745,4779,5231,5378,5758,6389,6455,6472,7278,7486,7802,7876,8266,8290,8990,9789
201,1095,1531,1955,2365,2711,2871,2914,3209,3712,4594,4745,4779,5010,5231,5378,5758,6389,6455,6472,7486,8266,8290,8990,9789
201,1095,1531,1955,2273,2365,2711,2871,2914,3209,3712,4594,4745,4779,5231,5378,5758,6389,6455,7486,7802,8266,8290,8990,9789
201,1095,1270,1531,1955,2365,2711,2871,2914,3712,4594,4745,4779,5231,5378,5758,6389,6455,6472,7486,7802,8266,8290,8990,9789
201,1095,1531,1955,2273,2365,2711,2871,2914,3209,3712,4594,4745,4779,5231,5378,5758,6389,6455,7486,7802,8266,8290,8990,9789
201,1095,1531,1955,2273,2365,2711,2871,2914,3209,3712,4594,4745,4779,5231,5378,5758,6389,7486,7802,8266,8290,8990,9446,9789
201,1095,1531,1955,2365,2711,2871,2887,2914,3209,3712,4594,4745,5231,5378,5758,6389,6455,7278,7486,7802,8266,8290,8990,9789
201,1095,1270,1531,1955,2365,2711,2871,2914,3209,3712,4594,4745,5231,5378,5758,6389,6455,6472,7486,7802,8266,8290,8990,9789
201,242,1095,1531,1955,2365,2711,2871,2914,3209,3712,4594,4745,4779,5231,5378,5758,6389,7486,7802,8266,8290,8350,8990,9789
201,1095,1531,1955,2365,2711,2871,2914,3209,3712,4594,4745,4779,5231,5378,5758,6389,6455,6472,7486,7802,8266,8290,8990,9789
201,1095,1270,1531,1955,2365,2711,2871,2914,3712,4594,4745,4779,5231,5378,5758,6389,6455,6472,7486,7802,8266,8290,8990,9789
201,1095,1531,1955,2273,2365,2711,2871,2914,3209,4594,4745,4779,5010,5231,5378,5758,6389,6455,7486,7802,8266,8290,8990,9789
201,1095,1270,1531,1955,2043,2365,2711,2871,2887,3712,4594,4745,4779,5231,5378,5758,6389,7278,7486,7802,8266,8290,8990,9789
201,1095,1531,1955,2365,2711,2871,2887,2914,3712,4594,4745,4779,5231,5378,5758,6455,6472,7486,7802,8266,8290,8990,9446,9789
201,1095,1270,1531,1955,2365,2711,2871,2914,3209,3712,4594,4779,5231,5378,5758,6389,6455,7278,7486,7802,8266,8290,8990,9789
201,1095,1531,1955,2365,2711,2871,2914,3209,3712,4594,4745,4779,5231,5378,5758,6389,6455,6472,7486,7802,8266,8290,8990,9789
201,242,1095,1531,1955,2273,2365,2711,2871,3209,3712,4594,4779,5231,5378,5758,6389,7278,7486,7802,7876,8266,8290,8990,9789
201,1095,1270,1531,1955,2365,2711,2871,2914,3209,3712,4594,4745,4779,5231,5378,5758,6389,6455,7486,7802,8266,8290,8990,9789
201,1095,1531,1955,2043,2365,2711,2871,3209,3712,4594,4745,4779,5231,5378,5758,6389,6455,7278,7486,7802,8266,8290,8990,9789
201,1095,1531,1955,2365,2711,2871,2914,3209,3712,4594,4745,4779,5231,5378,5758,6389,6455,6472,7486,7802,8266,8290,8990,9789
201,1095,1531,1955,2043,2273,2365,2711,2871,3209,3712,4594,4745,4779,5231,5378,5758,6389,7278,7486,7802,8266,8290,8990,9789
201,1095,1531,1955,2365,2711,2871,3209,3712,4594,4745,4779,5231,5378,5758,6389,6455,7278,7486,7802,7876,8266,8290,8990,9789
201,1095,1531,1955,2365,2871,2887,3209,3712,4594,4745,4779,5231,5378,5758,6389,6455,7278,7486,7802,7876,8266,8290,8990,9789
201,1095,1531,1955,2043,2273,2365,2711,2871,3209,3712,4594,4745,4779,5231,5378,5758,6389,7278,7486,7802,8266,8290,8990,9789
201,1095,1270,1531,1955,2365,2711,2871,2914,3712,4594,4745,4779,5231,5378,5758,6389,6472,7486,7802,8266,8290,8350,8990,9789
201,1095,1531,1955,2273,2365,2711,2871,2914,3209,3712,4594,4745,4779,5231,5378,5758,6389,6472,7486,7802,8266,8290,8990,9789
201,1095,1270,1531,1955,2273,2365,2711,2871,2914,3209,3712,4594,4745,5231,5378,5758,6389,6455,7486,7802,8266,8290,8990,9789
201,1095,1531,1955,2365,2871,2887,2914,3209,3712,4594,4745,4779,5231,5378,5758,6389,6455,6472,7486,7802,8266,8290,8990,9789
201,1095,1531,1955,2273,2365,2711,2871,3209,3712,4594,4779,5231,5378,5758,6389,6472,7278,7486,7802,7876,8266,8290,8990,9789
201,1095,1531,1955,2273,2365,2711,2871,3209,3712,4594,4745,4779,5231,5378,5758,6389,7278,7486,7802,7876,8266,8290,8990,9789
201,1095,1531,1955,2365,2711,2871,2914,3209,3712,4594,4745,4779,5231,5378,5758,6389,6455,6472,7486,7802,8266,8290,8990,9789
201,1095,1270,1531,1955,2043,2365,2871,3712,4594,4745,4779,5231,5378,5758,6389,6455,6472,7278,7486,7802,8266,8290,8990,9789
201,1095,1270,1531,1955,2273,2365,2711,2871,2914,3712,4594,4745,4779,5231,5378,5758,6455,6472,7486,7802,8266,8290,8990,9789
201,1095,1531,1955,2365,2711,2871,2914,3209,3712,4594,4745,4779,5231,5378,5758,6455,6472,7486,7802,8266,8290,8350,8990,9789
201,1095,1531,1955,2365,2711,2871,2914,3209,3712,4594,4745,4779,5231,5378,5758,6389,6455,7486,7802,8266,8290,8990,9446,9789
201,1095,1270,1531,1955,2365,2711,2871,2914,3209,3712,4594,4745,5231,5378,5758,6389,6455,6472,7486,7802,8266,8290,8990,9789
201,1095,1531,1955,2365,2711,2871,2887,2914,3209,4594,4745,4779,5231,5378,5758,6389,6455,6472,7486,7802,8266,8290,8990,9789
201,1095,1531,1955,2365,2711,2871,2914,3209,3712,4594,4745,4779,5231,5378,5758,6389,6455,7278,7486,7802,8266,8290,8990,9789
201,1095,1270,1531,1955,2365,2711,2871,2914,3209,3712,4594,4745,4779,5231,5378,5758,6389,6455,7486,7802,8266,8290,8990,9789
201,1095,1531,1955,2236,2365,2711,2871,2914,3209,3712,4594,4745,4779,5010,5231,5378,5758,6455,7486,7802,8266,8290,8990,9789
201,242,1095,1531,1955,2043,2365,2871,3712,4594,4745,4779,5231,5378,5758,6389,6455,7278,7486,7802,8266,8290,8990,9446,9789
201,1095,1270,1531,1955,2273,2365,2711,2871,2914,3712,4594,4745,4779,5231,5378,5758,6455,6472,7486,7802,8266,8290,8990,9789
201,1095,1531,1955,2365,2711,2871,3209,4594,4745,4779,5231,5378,5758,6389,6455,6472,7278,7486,7802,7876,8266,8290,8990,9789
201,1095,1531,1955,2365,2871,2887,3209,3712,4594,4745,4779,5231,5378,5758,6389,6455,7278,7486,7802,7876,8266,8290,8990,9789
201,1095,1531,1955,2365,2711,2871,2914,3712,4594,4745,4779,5231,5378,5758,6389,6455,7278,7486,7802,8266,8290,8990,9446,9789
201,1095,1531,1955,2365,2711,2871,2887,3209,3712,4594,4745,4779,5231,5378,5758,6389,7278,7486,7802,7876,8266,8290,8990,9789
201,1095,1531,1955,2365,2711,2871,2914,3209,3712,4594,4745,4779,5231,5378,5758,6389,6455,6472,7486,7802,8266,8290,8990,9789
201,1095,1531,1955,2043,2365,2711,2871,3712,4594,4745,4779,5231,5378,5758,6389,6455,6472,7278,7486,7802,8266,8290,8990,9789
201,1095,1270,1531,1955,2365,2711,2871,2914,3209,4594,4745,4779,5231,5378,5758,6389,6455,7278,7486,7802,8266,8290,8990,9789
201,1095,1531,1955,2365,2711,2871,2887,2914,3209,4594,4745,4779,5231,5378,5758,6389,6455,7486,7802,8266,8290,8350,8990,9789
201,1095,1531,1955,2365,2711,2871,2914,3209,3712,4594,4745,4779,5010,5231,5378,5758,6389,6455,7486,7802,8266,8290,8990,9789
201,1095,1531,1955,2365,2711,2871,2914,3209,3712,4594,4745,4779,5231,5378,5386,5758,6455,7278,7486,7802,8266,8290,8990,9789
201,242,1095,1531,1955,2273,2365,2711,2871,2914,3209,3712,4594,4745,4779,5231,5378,5758,6455,7486,7802,8266,8290,8990,9789
201,1095,1531,1955,2365,2711,2871,3209,3712,4594,4745,4779,5231,5378,5758,6389,6455,7278,7486,7802,7876,8266,8290,8990,9789
201,1095,1531,1955,2365,2711,2871,2887,2914,3712,4594,4745,4779,5231,5378,5386,5758,6389,6455,7486,7802,8266,8290,8990,9789
201,1095,1531,1955,2365,2711,2871,2914,3209,3712,4594,4745,4779,5231,5378,5758,6389,6455,7278,7486,8266,8290,8990,9431,9789
201,1095,1270,1531,1955,2365,2711,2871,2887,2914,3209,3712,4594,4745,5231,5378,5758,6389,6455,7486,7802,8266,8290,8990,9789
201,1095,1531,1955,2365,2711,2871,2914,3209,3712,4594,4745,4779,5231,5378,5758,6389,6455,6472,7486,7802,8266,8290,8990,9789
201,1095,1531,1955,2365,2711,2871,3209,3712,4594,4779,5231,5378,5758,6389,6455,7278,7486,7802,7876,8266,8290,8990,9446,9789
201,242,1095,1531,1955,2273,2365,2711,2871,2914,3712,4594,4745,4779,5231,5378,5758,6389,6455,7486,7802,8266,8290,8990,9789
201,1095,1270,1531,1955,2365,2871,2914,3209,3712,4594,4745,4779,5231,5378,5758,6389,6455,6472,7486,7802,8266,8290,8990,9789
201,1095,1531,1955,2273,2365,2711,2871,3209,3712,4594,4745,4779,5231,5378,5758,6389,7278,7486,7802,7876,8266,8290,8990,9789
201,1095,1531,1955,2365,2711,2871,2914,3209,3712,4594,4779,5231,5378,5758,6389,6455,6472,7486,7802,8266,8290,8990,9431,9789
201,1095,1531,1955,2365,2711,2871,3209,3712,4594,4779,5231,5378,5758,6389,6455,6472,7278,7486,7802,7876,8266,8290,8990,9789
201,1095,1270,1531,1955,2365,2711,2871,2914,3209,3712,4594,4745,4779,5231,5378,5758,6389,6455,7486,7802,8266,8290,8990,9789
201,1095,1531,1955,2365,2711,2871,3209,3712,4594,4745,4779,5231,5378,5758,6389,6455,7278,7486,7802,7876,8266,8290,8990,9789
201,1095,1531,1955,2365,2711,2871,2914,3209,3712,4594,4745,4779,5231,5378,5758,6389,6455,6472,7486,7802,8266,8290,8990,9789
201,1095,1270,1531,1955,2365,2871,3209,3712,4594,4745,4779,5231,5378,5758,6389,6455,7278,7486,7802,7876,8266,8290,8990,9789
201,1095,1531,1955,2043,2273,2365,2711,2871,3209,3712,4594,4745,4779,5231,5378,5758,6389,7278,7486,7802,8266,8290,8990,9789
201,1095,1270,1531,1955,2365,2871,2887,2914,3209,3712,4594,4745,4779,5231,5378,5386,5758,6455,7486,7802,8266,8290,8990,9789
201,1095,1531,1955,2365,2871,3209,3712,4594,4745,5231,5378,5758,6389,6455,6472,7278,7486,7802,7876,8266,8290,8990,9446,9789
201,1095,1531,1955,2043,2365,2871,3209,3712,4594,4745,4779,5231,5378,5758,6389,6455,6472,7278,7486,7802,8266,8290,8990,9789
201,1095,1270,1531,1955,2365,2711,2871,2914,3209,4594,4745,4779,5231,5378,5758,6389,6455,6472,7486,7802,8266,8290,8990,9789
201,1095,1270,1531,1955,2365,2711,2871,2914,3209,4594,4745,4779,5231,5378,5386,5758,6389,6455,7486,7802,8266,8290,8990,9789
201,1095,1531,1955,2365,2711,2871,2887,2914,3209,3712,4594,4745,4779,5231,5378,5386,5758,6389,6455,7486,8266,8290,8990,9789
201,1095,1531,1955,2365,2711,2871,2914,3712,4594,4745,4779,5231,5378,5758,6389,6455,6472,7486,7802,8266,8290,8990,9446,9789
201,1095,1531,1955,2365,2871,2887,2914,3209,3712,4594,4745,4779,5231,5378,5758,6389,6455,7486,7802,8266,8290,8350,8990,9789
201,1095,1531,1955,2236,2365,2711,2871,2914,3209,3712,4594,4745,4779,5231,5378,5758,6389,6455,7486,7802,8266,8290,8990,9789
201,1095,1531,1955,2365,2711,2871,2914,3209,3712,4594,4745,4779,5010,5231,5378,5758,6389,6472,7486,7802,8266,8290,8990,9789
201,1095,1270,1531,1955,2365,2711,2871,2914,3209,3712,4594,4745,4779,5231,5378,5758,6389,6455,7486,7802,8266,8290,8990,9789
201,1095,1270,1531,1955,2273,2365,2711,2871,2914,3209,4594,4745,4779,5231,5378,5758,6389,6455,7486,7802,8266,8290,8990,9789
201,1095,1270,1531,1955,2273,2365,2711,2871,2914,3209,3712,4594,4745,5231,5378,5758,6389,6455,7486,7802,8266,8290,8990,9789
201,1095,1531,1955,2365,2711,2871,3209,3712,4594,4745,4779,5231,5378,5758,6389,6455,7278,7486,7802,7876,8266,8290,8990,9789
201,1095,1531,1955,2273,2365,2871,2914,3712,4594,4745,4779,5231,5378,5758,6389,6455,6472,7278,7486,7802,8266,8290,8990,9789
201,1095,1270,1531,1955,2365,2871,2914,3712,4594,4745,4779,5010,5231,5378,5758,6389,6455,6472,7486,7802,8266,8290,8990,9789
201,1095,1531,1955,2365,2711,2871,2914,3209,3712,4594,4745,4779,5010,5231,5378,5758,6389,6455,7486,7802,8266,8290,8990,9789
201,1095,1531,1955,2365,2871,3712,4594,4745,4779,5231,5378,5758,6389,6455,6472,7278,7486,7802,7876,8266,8290,8990,9446,9789
