906,907,909,910,912,1049,2579,4025,4368,4370,4409,4411,4428,4429,5577,7754,8681,10657,11083,11878,12192,12673,12943,13001,13400
906,907,909,910,912,1049,2579,4025,4368,4370,4409,4411,4428,4429,5577,7754,8681,10657,11083,11878,12673,12943,13001,13400,13545
906,907,909,910,912,1049,2579,4025,4368,4370,4409,4411,4428,4429,5577,7754,8681,10657,11083,11878,12192,12673,12943,13001,13400
906,907,909,910,912,1049,2579,4025,4368,4370,4409,4411,4428,4429,5577,7754,8681,10657,11083,11878,12192,12673,12943,13001,13400
906,907,909,910,912,1049,2579,4025,4368,4370,4409,4411,4428,4429,5577,7754,8681,10657,11083,11878,12192,12673,12943,13001,13400
906,907,909,910,912,1049,2579,4025,4368,4370,4409,4411,4428,4429,5577,7754,8681,10657,11083,11878,12192,12673,12943,13001,13400
906,907,909,910,912,1049,2579,4025,4368,4370,4409,4411,4428,4429,5577,7754,8681,10657,11083,11878,12192,12673,12943,13001,13400
906,907,909,910,912,1049,2579,4025,4368,4370,4409,4411,4428,4429,5577,7754,8681,10657,11083,11878,12192,12673,12943,13001,13400
906,907,909,910,912,1049,2579,4025,4368,4370,4409,4411,4428,4429,5577,7754,8681,10657,11083,11878,12192,12673,12943,13001,13400
906,907,909,910,912,1049,2579,4025,4368,4370,4409,4411,4428,4429,5577,7754,8681,10657,11083,11878,12192,12673,12943,13001,13400
906,907,909,910,912,1049,2579,4025,4368,4370,4409,4411,4428,4429,5577,7754,8681,10657,11083,11878,12192,12673,12943,13001,13400
906,907,909,910,912,1049,2579,4025,4368,4370,4409,4411,4428,4429,5577,7754,8681,10657,11083,11878,12192,12673,12943,13001,13400
906,907,909,910,912,1049,2579,4025,4368,4370,4409,4411,4428,4429,5577,7754,8681,10657,11083,11878,12192,12673,12943,13001,13400
906,907,909,910,912,1049,2579,4025,4368,4370,4409,4411,4428,4429,5577,7754,8681,10657,11083,11878,12192,12673,12943,13001,13400
906,907,909,910,912,1049,2579,4025,4368,4370,4409,4411,4428,4429,5577,7754,8681,10657,11083,11878,12192,12673,12943,13001,13400
906,907,909,910,912,1049,2579,4025,4368,4370,4409,4411,4428,4429,5577,7754,8681,10657,11083,11878,12192,12673,12943,13001,13400
906,907,909,910,912,1049,2579,4025,4368,4370,4409,4411,4428,4429,5577,7754,8681,10657,11083,11878,12192,12673,12943,13001,13400
906,907,909,910,912,1049,2579,4025,4368,4370,4409,4411,4428,4429,5577,7754,8681,10657,11083,11878,12192,12673,12943,13001,13400
906,907,909,910,912,1049,2579,4025,4368,4370,4409,4411,4428,4429,5577,7754,8681,10657,11083,11878,12192,12673,12943,13001,13400
906,907,909,910,912,1049,2579,4025,4368,4370,4409,4411,4428,4429,5577,7754,8681,10657,11083,11878,12192,12673,12943,13001,13400
906,907,909,910,912,1049,2579,4025,4368,4370,4409,4411,4428,4429,5577,7754,8681,10657,11083,11878,12192,12673,12943,13001,13400
906,907,909,910,912,1049,2579,4025,4368,4370,4409,4411,4428,4429,5577,7754,8681,10657,11083,11878,12192,12673,12943,13001,13400
906,907,909,910,912,1049,2579,4025,4368,4370,4409,4411,4428,4429,5577,7754,8681,10657,11083,11878,12192,12673,12943,13001,13400
906,907,909,910,912,1049,2579,4025,4368,4370,4409,4411,4428,4429,5577,7754,8681,10657,11083,11878,12192,12673,12943,13001,13400
906,907,909,910,912,1049,2579,4025,4368,4370,4409,4411,4428,4429,5577,7754,8681,10657,11083,11878,12192,12673,12943,13001,13400
906,907,909,910,912,1049,2579,4025,4368,4370,4409,4411,4428,4429,5577,7754,8681,10657,11083,11878,12192,12673,12943,13001,13400
906,907,909,910,912,1049,2579,4025,4368,4370,4409,4411,4428,4429,5577,7754,8681,10657,11083,11878,12192,12673,12943,13001,13400
906,907,909,910,912,1049,2579,4025,4368,4370,4409,4411,4428,4429,5577,7754,8681,10657,11083,11878,12192,12673,12943,13001,13400
906,907,909,910,912,1049,2579,4025,4368,4370,4409,4411,4428,4429,5577,7754,8681,10657,11083,11878,12192,12673,12943,13001,13400
906,907,909,910,912,1049,2579,4025,4368,4370,4409,4411,4428,4429,5577,7754,8681,10657,11083,11878,12192,12673,12943,13001,13400
906,907,909,910,912,1049,2579,4025,4368,4370,4409,4411,4428,4429,5577,7754,8681,10657,11083,11878,12192,12673,12943,13001,13400
906,907,909,910,912,1049,2579,4025,4368,4370,4409,4411,4428,4429,5577,7754,8681,10657,11083,11878,12192,12673,12943,13001,13400
906,907,909,910,912,1049,2579,4025,4368,4370,4409,4411,4428,4429,5577,7754,8681,10657,11083,11878,12192,12673,12943,13001,13400
906,907,909,910,912,1049,2579,4025,4368,4370,4409,4411,4428,4429,5577,7754,8681,10657,11083,11878,12192,12673,12943,13001,13400
906,907,909,910,912,1049,2579,4025,4368,4370,4409,4411,4428,4429,5577,7754,8681,10657,11083,11878,12192,12673,12943,13001,13400
906,907,909,910,912,1049,2579,4025,4368,4370,4409,4411,4428,4429,5577,7754,8681,10657,11083,11878,12192,12673,12943,13001,13400
906,907,909,910,912,1049,2579,4025,4368,4370,4409,4411,4428,4429,5577,7754,8681,10657,11083,11878,12192,12673,12943,13001,13400
906,907,909,910,912,1049,2579,4025,4368,4370,4409,4411,4428,4429,5577,7754,8681,10657,11083,11878,12192,12673,12943,13001,13400
906,907,909,910,912,1049,2579,4025,4368,4370,4409,4411,4428,4429,5577,7754,8681,10657,11083,11878,12192,12673,12943,13001,13400
906,907,909,910,912,1049,2579,4025,4368,4370,4409,4411,4428,4429,5577,7754,8681,10657,11083,11878,12192,12673,12943,13001,13400
906,907,909,910,912,1049,2579,4025,4368,4370,4409,4411,4428,4429,5577,7754,8681,10657,11083,11878,12192,12673,12943,13001,13400
906,907,909,910,912,1049,2579,4025,4368,4370,4409,4411,4428,4429,5577,7754,8681,10657,11083,11878,12192,12673,12943,13001,13400
906,907,909,910,912,1049,2579,4025,4368,4370,4409,4411,4428,4429,5577,7754,8681,10657,11083,11878,12192,12673,12943,13001,13400
906,907,909,910,912,1049,2579,4025,4368,4370,4409,4411,4428,4429,5577,7754,8681,10657,11083,11878,12192,12673,12943,13001,13400
906,907,909,910,912,1049,2579,4025,4368,4370,4409,4411,4428,4429,5577,7754,8681,10657,11083,11878,12192,12673,12943,13001,13400
906,907,909,910,912,1049,2579,4025,4368,4370,4409,4411,4428,4429,5577,7754,8681,10657,11083,11878,12192,12673,12943,13001,13400
906,907,909,910,912,1049,2579,4025,4368,4370,4409,4411,4428,4429,5577,7754,8681,10657,11083,11878,12192,12673,12943,13001,13400
906,907,909,910,912,1049,2579,4025,4368,4370,4409,4411,4428,4429,5577,7754,8681,10657,11083,11878,12192,12673,12943,13001,13400
906,907,909,910,912,1049,2579,4025,4368,4370,4409,4411,4428,4429,5577,7754,8681,10657,11083,11878,12192,12673,12943,13001,13400
906,907,909,910,912,1049,2579,4025,4368,4370,4409,4411,4428,4429,5577,7754,8681,10657,11083,11878,12192,12673,12943,13001,13400
906,907,909,910,912,1049,2579,4025,4368,4370,4409,4411,4428,4429,5577,7754,8681,10657,11083,11878,12192,12673,12943,13001,13400
906,907,909,910,912,1049,2579,4025,4368,4370,4409,4411,4428,4429,5577,7754,8681,10657,11083,11878,12192,12673,12943,13001,13400
906,907,909,910,912,1049,2579,4025,4368,4370,4409,4411,4428,4429,5577,7754,8681,10657,11083,11878,12192,12673,12943,13001,13400
906,907,909,910,912,1049,2579,4025,4368,4370,4409,4411,4428,4429,5577,7754,8681,10657,11083,11878,12192,12673,12943,13001,13400
906,907,909,910,912,1049,2579,4025,4368,4370,4409,4411,4428,4429,5577,7754,8681,10657,11083,11878,12192,12673,12943,13001,13400
906,907,909,910,912,1049,2579,4025,4368,4370,4409,4411,4428,4429,5577,7754,8681,10657,11083,11878,12192,12673,12943,13001,13400
906,907,909,910,912,1049,2579,4025,4368,4370,4409,4411,4428,4429,5577,7754,8681,10657,11083,11878,12192,12673,12943,13001,13400
906,907,909,910,912,1049,2579,4025,4368,4370,4409,4411,4428,4429,5577,7754,8681,10657,11083,11878,12192,12673,12943,13001,13400
906,907,909,910,912,1049,2579,4025,4368,4370,4409,4411,4428,4429,5577,7754,8681,10657,11083,11878,12192,12673,12943,13001,13400
906,907,909,910,912,1049,2579,4025,4368,4370,4409,4411,4428,4429,5577,7754,8681,10657,11083,11878,12192,12673,12943,13001,13400
906,907,909,910,912,1049,2579,4025,4368,4370,4409,4411,4428,4429,5577,7754,8681,10657,11083,11878,12192,12673,12943,13001,13400
906,907,909,910,912,1049,2579,4025,4368,4370,4409,4411,4428,4429,5577,7754,8681,10657,11083,11878,12192,12673,12943,13001,13400
906,907,909,910,912,1049,2579,4025,4368,4370,4409,4411,4428,4429,5577,7754,8681,10657,11083,11878,12192,12673,12943,13001,13400
906,907,909,910,912,1049,2579,4025,4368,4370,4409,4411,4428,4429,5577,7754,8681,10657,11083,11878,12192,12673,12943,13001,13400
906,907,909,910,912,1049,2579,4025,4368,4370,4409,4411,4428,4429,5577,7754,8681,10657,11083,11878,12192,12673,12943,13001,13400
906,907,909,910,912,1049,2579,4025,4368,4370,4409,4411,4428,4429,5577,7754,8681,10657,11083,11878,12192,12673,12943,13001,13400
906,907,909,910,912,1049,2579,4025,4368,4370,4409,4411,4428,4429,5577,7754,8681,10657,11083,11878,12192,12673,12943,13001,13400
906,907,909,910,912,1049,2579,4025,4368,4370,4409,4411,4428,4429,5577,7754,8681,10657,11083,11878,12192,12673,12943,13001,13400
906,907,909,910,912,1049,2579,4025,4368,4370,4409,4411,4428,4429,5577,7754,8681,10657,11083,11878,12192,12673,12943,13001,13400
906,907,909,910,912,1049,2579,4025,4368,4370,4409,4411,4428,4429,5577,7754,8681,10657,11083,11878,12192,12673,12943,13001,13400
906,907,909,910,912,1049,2579,4025,4368,4370,4409,4411,4428,4429,5577,7754,8681,10657,11083,11878,12192,12673,12943,13001,13400
906,907,909,910,912,1049,2579,4025,4368,4370,4409,4411,4428,4429,5577,7754,8681,10657,11083,11878,12192,12673,12943,13001,13400
906,907,909,910,912,1049,2579,4025,4368,4370,4409,4411,4428,4429,5577,7754,8681,10657,11083,11878,12192,12673,12943,13001,13400
906,907,909,910,912,1049,2579,4025,4368,4370,4409,4411,4428,4429,5577,7754,8681,10657,11083,11878,12192,12673,12943,13001,13400
906,907,909,910,912,1049,2579,4025,4368,4370,4409,4411,4428,4429,5577,7754,8681,10657,11083,11878,12192,12673,12943,13001,13400
906,907,909,910,912,1049,2579,4025,4368,4370,4409,4411,4428,4429,5577,7754,8681,10657,11083,11878,12192,12673,12943,13001,13400
906,907,909,910,912,1049,2579,4025,4368,4370,4409,4411,4428,4429,5577,7754,8681,10657,11083,11878,12192,12673,12943,13001,13400
906,907,909,910,912,1049,2579,4025,4368,4370,4409,4411,4428,4429,5577,7754,8681,10657,11083,11878,12192,12673,12943,13001,13400
906,907,909,910,912,1049,2579,4025,4368,4370,4409,4411,4428,4429,5577,7754,8681,10657,11083,11878,12192,12673,12943,13001,13400
906,907,909,910,912,1049,2579,4025,4368,4370,4409,4411,4428,4429,5577,7754,8681,10657,11083,11878,12192,12673,12943,13001,13400
906,907,909,910,912,1049,2579,4025,4368,4370,4409,4411,4428,4429,5577,7754,8681,10657,11083,11878,12192,12673,12943,13001,13400
906,907,909,910,912,1049,2579,4025,4368,4370,4409,4411,4428,4429,5577,7754,8681,10657,11083,11878,12192,12673,12943,13001,13400
906,907,909,910,912,1049,2579,4025,4368,4370,4409,4411,4428,4429,5577,7754,8681,10657,11083,11878,12192,12673,12943,13001,13400
906,907,909,910,912,1049,2579,4025,4368,4370,4409,4411,4428,4429,5577,7754,8681,10657,11083,11878,12192,12673,12943,13001,13400
906,907,909,910,912,1049,2579,4025,4368,4370,4409,4411,4428,4429,5577,7754,8681,10657,11083,11878,12192,12673,12943,13001,13400
906,907,909,910,912,1049,2579,4025,4368,4370,4409,4411,4428,4429,5577,7754,8681,10657,11083,11878,12673,12943,13001,13400,13545
906,907,909,910,912,1049,2579,4025,4368,4370,4409,4411,4428,4429,5577,7754,8681,10657,11083,11878,12192,12673,12943,13001,13400
906,907,909,910,912,1049,2579,4025,4368,4370,4409,4411,4428,4429,5577,7754,8681,10657,11083,11878,12192,12673,12943,13001,13400
906,907,909,910,912,1049,2579,4025,4368,4370,4409,4411,4428,4429,5577,7754,8681,10657,11083,11878,12192,12673,12943,13001,13400
906,907,909,910,912,1049,2579,4025,4368,4370,4409,4411,4428,4429,5577,7754,8681,10657,11083,11878,12192,12673,12943,13001,13400
906,907,909,910,912,1049,2579,4025,4368,4370,4409,4411,4428,4429,5577,7754,8681,10657,11083,11878,12192,12673,12943,13001,13400
906,907,909,910,912,1049,2579,4025,4368,4370,4409,4411,4428,4429,5577,7754,8681,10657,11083,11878,12192,12673,12943,13001,13400
906,907,909,910,912,1049,2579,4025,4368,4370,4409,4411,4428,4429,5577,7754,8681,10657,11083,11878,12192,12673,12943,13001,13400
906,907,909,910,912,1049,2579,4025,4368,4370,4409,4411,4428,4429,5577,7754,8681,10657,11083,11878,12673,12943,13001,13400,13545
906,907,909,910,912,1049,2579,4025,4368,4370,4409,4411,4428,4429,5577,7754,8681,10657,11083,11878,12192,12673,12943,13001,13400
906,907,909,910,912,1049,2579,4025,4368,4370,4409,4411,4428,4429,5577,7754,8681,10657,11083,11878,12192,12673,12943,13001,13400
906,907,909,910,912,1049,2579,4025,4368,4370,4409,4411,4428,4429,5577,7754,8681,10657,11083,11878,12192,12673,12943,13001,13400
906,907,909,910,912,1049,2579,4025,4368,4370,4409,4411,4428,4429,5577,7754,8681,10657,11083,11878,12192,12673,12943,13001,13400
906,907,909,910,912,1049,2579,4025,4368,4370,4409,4411,4428,4429,5577,7754,7854,8681,10657,11083,11878,12673,12943,13001,13400
906,907,909,910,912,1049,2579,4025,4368,4370,4409,4411,4428,4429,5577,7754,8681,10657,11083,11878,12192,12673,12943,13001,13400
